{"cameraMode":{"drawMode":0,"name":"Shaded","section":"Shading Mode"},"sceneLighting":true,"audioPlay":false,"sceneViewState":{"showFog":true,"showMaterialUpdate":true,"showSkybox":true,"showFlares":true,"showImageEffects":true,"showParticleSystems":true},"in2DMode":false,"pivot":{"x":7.689347267150879,"y":1.9376354217529297,"z":-1.2194652557373047},"rotation":{"x":-0.4354552924633026,"y":-0.5527783036231995,"z":0.4200596511363983,"w":-0.5730412602424622},"size":3.4435172080993654,"orthographic":false}